TRANSFER DARI | PEMINDAHAN DARI 177634945 DANA SETORAN NEW PREPAID | 0808080070 18012021 1 500110 SUBANG	 217500 
TRANSFER DARI | PEMINDAHAN DARI 177634945 DANA SETORAN NEW PREPAID | 0808080070 01012021 3 301420 CIKAMPEK	 107500 
TRANSFER DARI | PEMINDAHAN DARI 177634945 DANA SETORAN NEW PREPAID | 0808080070 01012021 3 500100 CIKOPO	 4077000 
TRANSFER DARI | PEMINDAHAN DARI 177634945 DANA SETORAN NEW PREPAID | 0808080070 01012021 3 500120 KERTAJATI	 107500 
TRANSFER DARI | PEMINDAHAN DARI 177634945 DANA SETORAN NEW PREPAID | 0808080070 01012021 3 500125 SUMBERJAYA	 93500 
TRANSFER DARI | PEMINDAHAN DARI 177634945 DANA SETORAN NEW PREPAID | 0808080070 01012021 3 500110 SUBANG	 35000 
TRANSFER DARI | PEMINDAHAN DARI 177634945 DANA SETORAN NEW PREPAID | 0808080070 01012021 1 301420 CIKAMPEK	 537500 
TRANSFER DARI | PEMINDAHAN DARI 177634945 DANA SETORAN NEW PREPAID | 0808080070 01012021 1 500125 SUMBERJAYA	 187000 
TRANSFER DARI | PEMINDAHAN DARI 177634945 DANA SETORAN NEW PREPAID | 0808080070 01012021 1 500130 PALIMANAN	 759500 
TRANSFER DARI | PEMINDAHAN DARI 177634945 DANA SETORAN NEW PREPAID | 0808080070 01012021 1 500115 CIKEDUNG	 61500 
TRANSFER DARI | PEMINDAHAN DARI 177634945 DANA SETORAN NEW PREPAID | 0808080070 01012021 1 500110 SUBANG	 457000 
TRANSFER DARI | PEMINDAHAN DARI 177634945 DANA SETORAN NEW PREPAID | 0808080070 01012021 1 500105 KALIJATI	 79000 
TRANSFER DARI | PEMINDAHAN DARI 177634945 DANA SETORAN NEW PREPAID | 0808080070 01012021 1 500100 CIKOPO	 10947500 
TRANSFER DARI | PEMINDAHAN DARI 177634945 DANA SETORAN NEW PREPAID | 0808080070 01012021 1 500120 KERTAJATI	 828500 
TRANSFER DARI | PEMINDAHAN DARI 177634945 DANA SETORAN NEW PREPAID | 0808080070 01012021 3 301426 CIKAMPEK UTAMA 2	 1913500 
TRANSFER DARI | PEMINDAHAN DARI 177634945 DANA SETORAN NEW PREPAID | 0808080070 01012021 2 500130 PALIMANAN	 773500 
TRANSFER DARI | PEMINDAHAN DARI 177634945 DANA SETORAN NEW PREPAID | 0808080070 01012021 2 301426 CIKAMPEK UTAMA 2	 13020000 
TRANSFER DARI | PEMINDAHAN DARI 177634945 DANA SETORAN NEW PREPAID | 0808080070 01012021 2 500120 KERTAJATI	 247000 
TRANSFER DARI | PEMINDAHAN DARI 177634945 DANA SETORAN NEW PREPAID | 0808080070 01012021 2 500125 SUMBERJAYA	 112500 
TRANSFER DARI | PEMINDAHAN DARI 177634945 DANA SETORAN NEW PREPAID | 0808080070 01012021 1 301426 CIKAMPEK UTAMA 2	 6754500 
TRANSFER DARI | PEMINDAHAN DARI 177634945 DANA SETORAN NEW PREPAID | 0808080070 01012021 2 500110 SUBANG	 1036000 
TRANSFER DARI | PEMINDAHAN DARI 177634945 DANA SETORAN NEW PREPAID | 0808080070 01012021 2 500115 CIKEDUNG	 61500 
TRANSFER DARI | PEMINDAHAN DARI 177634945 DANA SETORAN NEW PREPAID | 0808080070 01012021 2 500100 CIKOPO	 6469500 
TRANSFER DARI | PEMINDAHAN DARI 177634945 DANA SETORAN NEW PREPAID | 0808080070 01012021 2 500105 KALIJATI	 318500 
TRANSFER DARI | PEMINDAHAN DARI 177634945 DANA SETORAN NEW PREPAID | 0808080070 01012021 3 301426 CIKAMPEK UTAMA 2	 5330000 
TRANSFER DARI | PEMINDAHAN DARI 177634945 DANA SETORAN NEW PREPAID | 0808080070 01012021 3 500100 CIKOPO	 781000 
TRANSFER DARI | PEMINDAHAN DARI 177634945 DANA SETORAN NEW PREPAID | 0808080070 01012021 3 500120 KERTAJATI	 123000 
TRANSFER DARI | PEMINDAHAN DARI 177634945 DANA SETORAN NEW PREPAID | 0808080070 01012021 3 500125 SUMBERJAYA	 93500 
TRANSFER DARI | PEMINDAHAN DARI 177634945 DANA SETORAN NEW PREPAID | 0808080070 01012021 3 500105 KALIJATI	 10500 
TRANSFER DARI | PEMINDAHAN DARI 177634945 DANA SETORAN NEW PREPAID | 0808080070 01012021 3 500110 SUBANG	 72000 
TRANSFER DARI | PEMINDAHAN DARI 177634945 DANA SETORAN NEW PREPAID | 0808080070 02012021 3 500100 CIKOPO	 2780000 
TRANSFER DARI | PEMINDAHAN DARI 177634945 DANA SETORAN NEW PREPAID | 0808080070 02012021 3 500125 SUMBERJAYA	 28000 
TRANSFER DARI | PEMINDAHAN DARI 177634945 DANA SETORAN NEW PREPAID | 0808080070 02012021 3 301426 CIKAMPEK UTAMA 2	 3942000 
TRANSFER DARI | PEMINDAHAN DARI 177634945 DANA SETORAN NEW PREPAID | 0808080070 02012021 3 500120 KERTAJATI	 79000 
TRANSFER DARI | PEMINDAHAN DARI 177634945 DANA SETORAN NEW PREPAID | 0808080070 02012021 3 500105 KALIJATI	 25000 
TRANSFER DARI | PEMINDAHAN DARI 177634945 DANA SETORAN NEW PREPAID | 0808080070 02012021 3 500110 SUBANG	 35000 
TRANSFER DARI | PEMINDAHAN DARI 177634945 DANA SETORAN NEW PREPAID | 0808080070 01012021 3 301420 CIKAMPEK	 310000 
TRANSFER DARI | PEMINDAHAN DARI 177634945 DANA SETORAN NEW PREPAID | 0808080070 01012021 2 301420 CIKAMPEK	 593500 
TRANSFER DARI | PEMINDAHAN DARI 177634945 DANA SETORAN NEW PREPAID | 0808080070 02012021 1 500115 CIKEDUNG	 61500 
TRANSFER DARI | PEMINDAHAN DARI 177634945 DANA SETORAN NEW PREPAID | 0808080070 02012021 1 500130 PALIMANAN	 652000 
TRANSFER DARI | PEMINDAHAN DARI 177634945 DANA SETORAN NEW PREPAID | 0808080070 02012021 1 500110 SUBANG	 1069500 
TRANSFER DARI | PEMINDAHAN DARI 177634945 DANA SETORAN NEW PREPAID | 0808080070 02012021 1 301426 CIKAMPEK UTAMA 2	 8991000 
TRANSFER DARI | PEMINDAHAN DARI 177634945 DANA SETORAN NEW PREPAID | 0808080070 02012021 1 500105 KALIJATI	 185500 
TRANSFER DARI | PEMINDAHAN DARI 177634945 DANA SETORAN NEW PREPAID | 0808080070 02012021 1 500125 SUMBERJAYA	 161000 
TRANSFER DARI | PEMINDAHAN DARI 177634945 DANA SETORAN NEW PREPAID | 0808080070 02012021 1 500100 CIKOPO	 6369000 
TRANSFER DARI | PEMINDAHAN DARI 177634945 DANA SETORAN NEW PREPAID | 0808080070 02012021 1 301420 CIKAMPEK	 454000 
TRANSFER DARI | PEMINDAHAN DARI 177634945 DANA SETORAN NEW PREPAID | 0808080070 02012021 1 500120 KERTAJATI	 631000 
TRANSFER DARI | PEMINDAHAN DARI 177634945 DANA SETORAN NEW PREPAID | 0808080070 02012021 2 301420 CIKAMPEK	 737500 
TRANSFER DARI | PEMINDAHAN DARI 177634945 DANA SETORAN NEW PREPAID | 0808080070 02012021 2 500110 SUBANG	 1020500 
TRANSFER DARI | PEMINDAHAN DARI 177634945 DANA SETORAN NEW PREPAID | 0808080070 02012021 2 500115 CIKEDUNG	 187500 
TRANSFER DARI | PEMINDAHAN DARI 177634945 DANA SETORAN NEW PREPAID | 0808080070 02012021 2 500120 KERTAJATI	 258000 
TRANSFER DARI | PEMINDAHAN DARI 177634945 DANA SETORAN NEW PREPAID | 0808080070 02012021 2 500100 CIKOPO	 4733000 
TRANSFER DARI | PEMINDAHAN DARI 177634945 DANA SETORAN NEW PREPAID | 0808080070 02012021 2 500105 KALIJATI	 147000 
TRANSFER DARI | PEMINDAHAN DARI 177634945 DANA SETORAN NEW PREPAID | 0808080070 02012021 2 301426 CIKAMPEK UTAMA 2	 22642000 
TRANSFER DARI | PEMINDAHAN DARI 177634945 DANA SETORAN NEW PREPAID | 0808080070 02012021 2 500130 PALIMANAN	 394500 
TRANSFER DARI | PEMINDAHAN DARI 177634945 DANA SETORAN NEW PREPAID | 0808080070 02012021 2 500125 SUMBERJAYA	 54000 
TRANSFER DARI | PEMINDAHAN DARI 177634945 DANA SETORAN NEW PREPAID | 0808080070 02012021 3 500100 CIKOPO	 645000 
TRANSFER DARI | PEMINDAHAN DARI 177634945 DANA SETORAN NEW PREPAID | 0808080070 02012021 3 301426 CIKAMPEK UTAMA 2	 11229000 
TRANSFER DARI | PEMINDAHAN DARI 177634945 DANA SETORAN NEW PREPAID | 0808080070 02012021 3 500120 KERTAJATI	 237000 
TRANSFER DARI | PEMINDAHAN DARI 177634945 DANA SETORAN NEW PREPAID | 0808080070 02012021 3 500110 SUBANG	 35000 
TRANSFER DARI | PEMINDAHAN DARI 177634945 DANA SETORAN NEW PREPAID | 0808080070 02012021 3 500105 KALIJATI	 107500 
TRANSFER DARI | PEMINDAHAN DARI 177634945 DANA SETORAN NEW PREPAID | 0808080070 02012021 3 301420 CIKAMPEK	 142500 
TRANSFER DARI | PEMINDAHAN DARI 177634945 DANA SETORAN NEW PREPAID | 0808080070 03012021 3 500105 KALIJATI	 103500 
TRANSFER DARI | PEMINDAHAN DARI 177634945 DANA SETORAN NEW PREPAID | 0808080070 03012021 3 301420 CIKAMPEK	 107500 
TRANSFER DARI | PEMINDAHAN DARI 177634945 DANA SETORAN NEW PREPAID | 0808080070 03012021 3 301426 CIKAMPEK UTAMA 2	 8557500 
TRANSFER DARI | PEMINDAHAN DARI 177634945 DANA SETORAN NEW PREPAID | 0808080070 03012021 3 500110 SUBANG	 93000 
TRANSFER DARI | PEMINDAHAN DARI 177634945 DANA SETORAN NEW PREPAID | 0808080070 03012021 3 500120 KERTAJATI	 116500 
TRANSFER DARI | PEMINDAHAN DARI 177634945 DANA SETORAN NEW PREPAID | 0808080070 03012021 3 500100 CIKOPO	 2444000 
TRANSFER DARI | PEMINDAHAN DARI 177634945 DANA SETORAN NEW PREPAID | 0808080070 03012021 1 500100 CIKOPO	 4606500 
TRANSFER DARI | PEMINDAHAN DARI 177634945 DANA SETORAN NEW PREPAID | 0808080070 03012021 1 500130 PALIMANAN	 1522500 
TRANSFER DARI | PEMINDAHAN DARI 177634945 DANA SETORAN NEW PREPAID | 0808080070 03012021 1 500110 SUBANG	 727500 
TRANSFER DARI | PEMINDAHAN DARI 177634945 DANA SETORAN NEW PREPAID | 0808080070 03012021 1 500120 KERTAJATI	 243500 
TRANSFER DARI | PEMINDAHAN DARI 177634945 DANA SETORAN NEW PREPAID | 0808080070 03012021 1 500125 SUMBERJAYA	 352500 
TRANSFER DARI | PEMINDAHAN DARI 177634945 DANA SETORAN NEW PREPAID | 0808080070 03012021 1 500105 KALIJATI	 377000 
TRANSFER DARI | PEMINDAHAN DARI 177634945 DANA SETORAN NEW PREPAID | 0808080070 03012021 1 301420 CIKAMPEK	 572500 
TRANSFER DARI | PEMINDAHAN DARI 177634945 DANA SETORAN NEW PREPAID | 0808080070 03012021 1 301426 CIKAMPEK UTAMA 2	 14642000 
TRANSFER DARI | PEMINDAHAN DARI 177634945 DANA SETORAN NEW PREPAID | 0808080070 03012021 1 500115 CIKEDUNG	 61500 
TRANSFER DARI | PEMINDAHAN DARI 177634945 DANA SETORAN NEW PREPAID | 0808080070 03012021 3 301420 CIKAMPEK	 382500 
TRANSFER DARI | PEMINDAHAN DARI 177634945 DANA SETORAN NEW PREPAID | 0808080070 03012021 3 500105 KALIJATI	 82500 
TRANSFER DARI | PEMINDAHAN DARI 177634945 DANA SETORAN NEW PREPAID | 0808080070 03012021 3 301426 CIKAMPEK UTAMA 2	 9739000 
TRANSFER DARI | PEMINDAHAN DARI 177634945 DANA SETORAN NEW PREPAID | 0808080070 03012021 3 500110 SUBANG	 260500 
TRANSFER DARI | PEMINDAHAN DARI 177634945 DANA SETORAN NEW PREPAID | 0808080070 03012021 3 500125 SUMBERJAYA	 13500 
TRANSFER DARI | PEMINDAHAN DARI 177634945 DANA SETORAN NEW PREPAID | 0808080070 03012021 3 500130 PALIMANAN	 215000 
TRANSFER DARI | PEMINDAHAN DARI 177634945 DANA SETORAN NEW PREPAID | 0808080070 03012021 3 500120 KERTAJATI	 79000 
TRANSFER DARI | PEMINDAHAN DARI 177634945 DANA SETORAN NEW PREPAID | 0808080070 03012021 3 500100 CIKOPO	 781000 
TRANSFER DARI | PEMINDAHAN DARI 177634945 DANA SETORAN NEW PREPAID | 0808080070 04012021 3 500115 CIKEDUNG	 45500 
TRANSFER DARI | PEMINDAHAN DARI 177634945 DANA SETORAN NEW PREPAID | 0808080070 04012021 3 301426 CIKAMPEK UTAMA 2	 8653500 
TRANSFER DARI | PEMINDAHAN DARI 177634945 DANA SETORAN NEW PREPAID | 0808080070 04012021 3 500120 KERTAJATI	 107500 
TRANSFER DARI | PEMINDAHAN DARI 177634945 DANA SETORAN NEW PREPAID | 0808080070 04012021 3 500130 PALIMANAN	 322500 
TRANSFER DARI | PEMINDAHAN DARI 177634945 DANA SETORAN NEW PREPAID | 0808080070 04012021 3 301420 CIKAMPEK	 142500 
TRANSFER DARI | PEMINDAHAN DARI 177634945 DANA SETORAN NEW PREPAID | 0808080070 04012021 3 500100 CIKOPO	 1189500 
TRANSFER DARI | PEMINDAHAN DARI 177634945 DANA SETORAN NEW PREPAID | 0808080070 04012021 3 500105 KALIJATI	 82500 
TRANSFER DARI | PEMINDAHAN DARI 177634945 DANA SETORAN NEW PREPAID | 0808080070 04012021 3 500110 SUBANG	 548500 
TRANSFER DARI | PEMINDAHAN DARI 177634945 DANA SETORAN NEW PREPAID | 0808080070 04012021 3 500125 SUMBERJAYA	 13500 
TRANSFER DARI | PEMINDAHAN DARI 177634945 DANA SETORAN NEW PREPAID | 0808080070 03012021 2 500100 CIKOPO	 5606000 
TRANSFER DARI | PEMINDAHAN DARI 177634945 DANA SETORAN NEW PREPAID | 0808080070 03012021 2 500115 CIKEDUNG	 45500 
TRANSFER DARI | PEMINDAHAN DARI 177634945 DANA SETORAN NEW PREPAID | 0808080070 03012021 2 301420 CIKAMPEK	 923000 
TRANSFER DARI | PEMINDAHAN DARI 177634945 DANA SETORAN NEW PREPAID | 0808080070 03012021 2 500130 PALIMANAN	 1977000 
TRANSFER DARI | PEMINDAHAN DARI 177634945 DANA SETORAN NEW PREPAID | 0808080070 03012021 2 500105 KALIJATI	 372500 
TRANSFER DARI | PEMINDAHAN DARI 177634945 DANA SETORAN NEW PREPAID | 0808080070 03012021 2 500110 SUBANG	 729500 
TRANSFER DARI | PEMINDAHAN DARI 177634945 DANA SETORAN NEW PREPAID | 0808080070 03012021 2 500125 SUMBERJAYA	 94500 
TRANSFER DARI | PEMINDAHAN DARI 177634945 DANA SETORAN NEW PREPAID | 0808080070 03012021 2 301426 CIKAMPEK UTAMA 2	 23473000 
TRANSFER DARI | PEMINDAHAN DARI 177634945 DANA SETORAN NEW PREPAID | 0808080070 03012021 2 500120 KERTAJATI	 379500 
TRANSFER DARI | PEMINDAHAN DARI 177634945 DANA SETORAN NEW PREPAID | 0808080070 04012021 1 301420 CIKAMPEK	 727000 
TRANSFER DARI | PEMINDAHAN DARI 177634945 DANA SETORAN NEW PREPAID | 0808080070 04012021 1 301426 CIKAMPEK UTAMA 2	 7242000 
TRANSFER DARI | PEMINDAHAN DARI 177634945 DANA SETORAN NEW PREPAID | 0808080070 04012021 1 500115 CIKEDUNG	 221000 
TRANSFER DARI | PEMINDAHAN DARI 177634945 DANA SETORAN NEW PREPAID | 0808080070 04012021 2 500120 KERTAJATI	 151500 
TRANSFER DARI | PEMINDAHAN DARI 177634945 DANA SETORAN NEW PREPAID | 0808080070 04012021 1 500125 SUMBERJAYA	 221000 
TRANSFER DARI | PEMINDAHAN DARI 177634945 DANA SETORAN NEW PREPAID | 0808080070 04012021 1 500100 CIKOPO	 4160000 
TRANSFER DARI | PEMINDAHAN DARI 177634945 DANA SETORAN NEW PREPAID | 0808080070 04012021 1 500110 SUBANG	 774000 
TRANSFER DARI | PEMINDAHAN DARI 177634945 DANA SETORAN NEW PREPAID | 0808080070 04012021 1 500105 KALIJATI	 245500 
TRANSFER DARI | PEMINDAHAN DARI 177634945 DANA SETORAN NEW PREPAID | 0808080070 04012021 2 500110 SUBANG	 633000 
TRANSFER DARI | PEMINDAHAN DARI 177634945 DANA SETORAN NEW PREPAID | 0808080070 04012021 2 500125 SUMBERJAYA	 168000 
TRANSFER DARI | PEMINDAHAN DARI 177634945 DANA SETORAN NEW PREPAID | 0808080070 04012021 2 301426 CIKAMPEK UTAMA 2	 13735000 
TRANSFER DARI | PEMINDAHAN DARI 177634945 DANA SETORAN NEW PREPAID | 0808080070 04012021 2 500100 CIKOPO	 3404000 
TRANSFER DARI | PEMINDAHAN DARI 177634945 DANA SETORAN NEW PREPAID | 0808080070 04012021 2 500115 CIKEDUNG	 144500 
TRANSFER DARI | PEMINDAHAN DARI 177634945 DANA SETORAN NEW PREPAID | 0808080070 04012021 1 500120 KERTAJATI	 311500 
TRANSFER DARI | PEMINDAHAN DARI 177634945 DANA SETORAN NEW PREPAID | 0808080070 04012021 2 500105 KALIJATI	 46000 
TRANSFER DARI | PEMINDAHAN DARI 177634945 DANA SETORAN NEW PREPAID | 0808080070 04012021 2 301420 CIKAMPEK	 444000 
TRANSFER DARI | PEMINDAHAN DARI 177634945 DANA SETORAN NEW PREPAID | 0808080070 04012021 3 301426 CIKAMPEK UTAMA 2	 6493000 
TRANSFER DARI | PEMINDAHAN DARI 177634945 DANA SETORAN NEW PREPAID | 0808080070 04012021 3 301420 CIKAMPEK	 551500 
TRANSFER DARI | PEMINDAHAN DARI 177634945 DANA SETORAN NEW PREPAID | 0808080070 04012021 3 500100 CIKOPO	 430000 
TRANSFER DARI | PEMINDAHAN DARI 177634945 DANA SETORAN NEW PREPAID | 0808080070 04012021 3 500105 KALIJATI	 10500 
TRANSFER DARI | PEMINDAHAN DARI 177634945 DANA SETORAN NEW PREPAID | 0808080070 05012021 3 301426 CIKAMPEK UTAMA 2	 4563500 
TRANSFER DARI | PEMINDAHAN DARI 177634945 DANA SETORAN NEW PREPAID | 0808080070 05012021 3 500115 CIKEDUNG	 61500 
TRANSFER DARI | PEMINDAHAN DARI 177634945 DANA SETORAN NEW PREPAID | 0808080070 05012021 3 301420 CIKAMPEK	 215000 
TRANSFER DARI | PEMINDAHAN DARI 177634945 DANA SETORAN NEW PREPAID | 0808080070 05012021 3 500105 KALIJATI	 10500 
TRANSFER DARI | PEMINDAHAN DARI 177634945 DANA SETORAN NEW PREPAID | 0808080070 05012021 3 500120 KERTAJATI	 79000 
TRANSFER DARI | PEMINDAHAN DARI 177634945 DANA SETORAN NEW PREPAID | 0808080070 05012021 3 500100 CIKOPO	 2354000 
TRANSFER DARI | PEMINDAHAN DARI 177634945 DANA SETORAN NEW PREPAID | 0808080070 05012021 1 301420 CIKAMPEK	 142500 
TRANSFER DARI | PEMINDAHAN DARI 177634945 DANA SETORAN NEW PREPAID | 0808080070 05012021 1 500125 SUMBERJAYA	 449500 
TRANSFER DARI | PEMINDAHAN DARI 177634945 DANA SETORAN NEW PREPAID | 0808080070 05012021 1 301426 CIKAMPEK UTAMA 2	 4751500 
TRANSFER DARI | PEMINDAHAN DARI 177634945 DANA SETORAN NEW PREPAID | 0808080070 05012021 1 500100 CIKOPO	 5393500 
TRANSFER DARI | PEMINDAHAN DARI 177634945 DANA SETORAN NEW PREPAID | 0808080070 05012021 1 500120 KERTAJATI	 594500 
TRANSFER DARI | PEMINDAHAN DARI 177634945 DANA SETORAN NEW PREPAID | 0808080070 05012021 1 500110 SUBANG	 590500 
TRANSFER DARI | PEMINDAHAN DARI 177634945 DANA SETORAN NEW PREPAID | 0808080070 05012021 1 500105 KALIJATI	 35500 
TRANSFER DARI | PEMINDAHAN DARI 177634945 DANA SETORAN NEW PREPAID | 0808080070 05012021 1 500115 CIKEDUNG	 290000 
TRANSFER DARI | PEMINDAHAN DARI 177634945 DANA SETORAN NEW PREPAID | 0808080070 05012021 2 301426 CIKAMPEK UTAMA 2	 7681000 
TRANSFER DARI | PEMINDAHAN DARI 177634945 DANA SETORAN NEW PREPAID | 0808080070 05012021 2 500100 CIKOPO	 2784000 
TRANSFER DARI | PEMINDAHAN DARI 177634945 DANA SETORAN NEW PREPAID | 0808080070 05012021 2 500110 SUBANG	 513500 
TRANSFER DARI | PEMINDAHAN DARI 177634945 DANA SETORAN NEW PREPAID | 0808080070 05012021 2 301420 CIKAMPEK	 347500 
TRANSFER DARI | PEMINDAHAN DARI 177634945 DANA SETORAN NEW PREPAID | 0808080070 05012021 2 500105 KALIJATI	 153500 
TRANSFER DARI | PEMINDAHAN DARI 177634945 DANA SETORAN NEW PREPAID | 0808080070 05012021 2 500120 KERTAJATI	 352500 
TRANSFER DARI | PEMINDAHAN DARI 177634945 DANA SETORAN NEW PREPAID | 0808080070 05012021 2 500115 CIKEDUNG	 816000 
TRANSFER DARI | PEMINDAHAN DARI 177634945 DANA SETORAN NEW PREPAID | 0808080070 05012021 2 500125 SUMBERJAYA	 154500 
TRANSFER DARI | PEMINDAHAN DARI 177634945 DANA SETORAN NEW PREPAID | 0808080070 05012021 3 301426 CIKAMPEK UTAMA 2	 2617000 
TRANSFER DARI | PEMINDAHAN DARI 177634945 DANA SETORAN NEW PREPAID | 0808080070 05012021 3 301420 CIKAMPEK	 257000 
TRANSFER DARI | PEMINDAHAN DARI 177634945 DANA SETORAN NEW PREPAID | 0808080070 05012021 3 500105 KALIJATI	 10500 
TRANSFER DARI | PEMINDAHAN DARI 177634945 DANA SETORAN NEW PREPAID | 0808080070 05012021 3 500100 CIKOPO	 1180000 
TRANSFER DARI | PEMINDAHAN DARI 177634945 DANA SETORAN NEW PREPAID | 0808080070 06012021 3 500120 KERTAJATI	 215000 
TRANSFER DARI | PEMINDAHAN DARI 177634945 DANA SETORAN NEW PREPAID | 0808080070 06012021 3 301426 CIKAMPEK UTAMA 2	 2879000 
TRANSFER DARI | PEMINDAHAN DARI 177634945 DANA SETORAN NEW PREPAID | 0808080070 06012021 3 500100 CIKOPO	 2577000 
TRANSFER DARI | PEMINDAHAN DARI 177634945 DANA SETORAN NEW PREPAID | 0808080070 06012021 3 500115 CIKEDUNG	 203000 
TRANSFER DARI | PEMINDAHAN DARI 177634945 DANA SETORAN NEW PREPAID | 0808080070 06012021 3 500110 SUBANG	 142500 
TRANSFER DARI | PEMINDAHAN DARI 177634945 DANA SETORAN NEW PREPAID | 0808080070 06012021 1 301426 CIKAMPEK UTAMA 2	 4290000 
TRANSFER DARI | PEMINDAHAN DARI 177634945 DANA SETORAN NEW PREPAID | 0808080070 06012021 1 301420 CIKAMPEK	 140000 
TRANSFER DARI | PEMINDAHAN DARI 177634945 DANA SETORAN NEW PREPAID | 0808080070 06012021 2 301420 CIKAMPEK	 177500 
TRANSFER DARI | PEMINDAHAN DARI 177634945 DANA SETORAN NEW PREPAID | 0808080070 06012021 1 500105 KALIJATI	 116000 
TRANSFER DARI | PEMINDAHAN DARI 177634945 DANA SETORAN NEW PREPAID | 0808080070 06012021 2 500110 SUBANG	 413500 
TRANSFER DARI | PEMINDAHAN DARI 177634945 DANA SETORAN NEW PREPAID | 0808080070 06012021 2 500120 KERTAJATI	 164500 
TRANSFER DARI | PEMINDAHAN DARI 177634945 DANA SETORAN NEW PREPAID | 0808080070 06012021 2 301426 CIKAMPEK UTAMA 2	 6098500 
TRANSFER DARI | PEMINDAHAN DARI 177634945 DANA SETORAN NEW PREPAID | 0808080070 06012021 1 500110 SUBANG	 741000 
TRANSFER DARI | PEMINDAHAN DARI 177634945 DANA SETORAN NEW PREPAID | 0808080070 06012021 1 500100 CIKOPO	 7035500 
TRANSFER DARI | PEMINDAHAN DARI 177634945 DANA SETORAN NEW PREPAID | 0808080070 06012021 2 500100 CIKOPO	 4911000 
TRANSFER DARI | PEMINDAHAN DARI 177634945 DANA SETORAN NEW PREPAID | 0808080070 06012021 2 500125 SUMBERJAYA	 27000 
TRANSFER DARI | PEMINDAHAN DARI 177634945 DANA SETORAN NEW PREPAID | 0808080070 06012021 1 500115 CIKEDUNG	 351500 
TRANSFER DARI | PEMINDAHAN DARI 177634945 DANA SETORAN NEW PREPAID | 0808080070 06012021 2 500105 KALIJATI	 46000 
TRANSFER DARI | PEMINDAHAN DARI 177634945 DANA SETORAN NEW PREPAID | 0808080070 06012021 2 500115 CIKEDUNG	 1299000 
TRANSFER DARI | PEMINDAHAN DARI 177634945 DANA SETORAN NEW PREPAID | 0808080070 06012021 1 500120 KERTAJATI	 294000 
TRANSFER DARI | PEMINDAHAN DARI 177634945 DANA SETORAN NEW PREPAID | 0808080070 06012021 1 500125 SUMBERJAYA	 81000 
TRANSFER DARI | PEMINDAHAN DARI 177634945 DANA SETORAN NEW PREPAID | 0808080070 06012021 3 301426 CIKAMPEK UTAMA 2	 3729000 
TRANSFER DARI | PEMINDAHAN DARI 177634945 DANA SETORAN NEW PREPAID | 0808080070 06012021 3 500110 SUBANG	 35000 
TRANSFER DARI | PEMINDAHAN DARI 177634945 DANA SETORAN NEW PREPAID | 0808080070 06012021 3 500100 CIKOPO	 645000 
TRANSFER DARI | PEMINDAHAN DARI 177634945 DANA SETORAN NEW PREPAID | 0808080070 06012021 3 301420 CIKAMPEK	 257000 
TRANSFER DARI | PEMINDAHAN DARI 177634945 DANA SETORAN NEW PREPAID | 0808080070 07012021 3 500110 SUBANG	 214500 
TRANSFER DARI | PEMINDAHAN DARI 177634945 DANA SETORAN NEW PREPAID | 0808080070 07012021 3 500100 CIKOPO	 1189500 
TRANSFER DARI | PEMINDAHAN DARI 177634945 DANA SETORAN NEW PREPAID | 0808080070 07012021 3 301426 CIKAMPEK UTAMA 2	 2110500 
TRANSFER DARI | PEMINDAHAN DARI 177634945 DANA SETORAN NEW PREPAID | 0808080070 07012021 3 500115 CIKEDUNG	 61500 
TRANSFER DARI | PEMINDAHAN DARI 177634945 DANA SETORAN NEW PREPAID | 0808080070 07012021 3 500120 KERTAJATI	 107500 
TRANSFER DARI | PEMINDAHAN DARI 177634945 DANA SETORAN NEW PREPAID | 0808080070 07012021 1 500120 KERTAJATI	 636500 
TRANSFER DARI | PEMINDAHAN DARI 177634945 DANA SETORAN NEW PREPAID | 0808080070 07012021 1 301420 CIKAMPEK	 149000 
TRANSFER DARI | PEMINDAHAN DARI 177634945 DANA SETORAN NEW PREPAID | 0808080070 07012021 1 500110 SUBANG	 503500 
TRANSFER DARI | PEMINDAHAN DARI 177634945 DANA SETORAN NEW PREPAID | 0808080070 07012021 1 301426 CIKAMPEK UTAMA 2	 5103500 
TRANSFER DARI | PEMINDAHAN DARI 177634945 DANA SETORAN NEW PREPAID | 0808080070 07012021 1 500100 CIKOPO	 6737500 
TRANSFER DARI | PEMINDAHAN DARI 177634945 DANA SETORAN NEW PREPAID | 0808080070 07012021 1 500125 SUMBERJAYA	 120500 
TRANSFER DARI | PEMINDAHAN DARI 177634945 DANA SETORAN NEW PREPAID | 0808080070 07012021 1 500115 CIKEDUNG	 189000 
TRANSFER DARI | PEMINDAHAN DARI 177634945 DANA SETORAN NEW PREPAID | 0808080070 07012021 1 500105 KALIJATI	 110500 
TRANSFER DARI | PEMINDAHAN DARI 177634945 DANA SETORAN NEW PREPAID | 0808080070 07012021 2 500105 KALIJATI	 173500 
TRANSFER DARI | PEMINDAHAN DARI 177634945 DANA SETORAN NEW PREPAID | 0808080070 07012021 2 500125 SUMBERJAYA	 143000 
TRANSFER DARI | PEMINDAHAN DARI 177634945 DANA SETORAN NEW PREPAID | 0808080070 07012021 2 500110 SUBANG	 554000 
TRANSFER DARI | PEMINDAHAN DARI 177634945 DANA SETORAN NEW PREPAID | 0808080070 07012021 2 301420 CIKAMPEK	 285000 
TRANSFER DARI | PEMINDAHAN DARI 177634945 DANA SETORAN NEW PREPAID | 0808080070 07012021 2 500115 CIKEDUNG	 1968000 
TRANSFER DARI | PEMINDAHAN DARI 177634945 DANA SETORAN NEW PREPAID | 0808080070 07012021 2 301426 CIKAMPEK UTAMA 2	 7754500 
TRANSFER DARI | PEMINDAHAN DARI 177634945 DANA SETORAN NEW PREPAID | 0808080070 07012021 2 500120 KERTAJATI	 275500 
TRANSFER DARI | PEMINDAHAN DARI 177634945 DANA SETORAN NEW PREPAID | 0808080070 07012021 2 500100 CIKOPO	 5359500 
TRANSFER DARI | PEMINDAHAN DARI 177634945 DANA SETORAN NEW PREPAID | 0808080070 07012021 3 500110 SUBANG	 72000 
TRANSFER DARI | PEMINDAHAN DARI 177634945 DANA SETORAN NEW PREPAID | 0808080070 07012021 3 500105 KALIJATI	 21000 
TRANSFER DARI | PEMINDAHAN DARI 177634945 DANA SETORAN NEW PREPAID | 0808080070 07012021 3 301426 CIKAMPEK UTAMA 2	 2480000 
TRANSFER DARI | PEMINDAHAN DARI 177634945 DANA SETORAN NEW PREPAID | 0808080070 07012021 3 500100 CIKOPO	 1619500 
TRANSFER DARI | PEMINDAHAN DARI 177634945 DANA SETORAN NEW PREPAID | 0808080070 07012021 3 500120 KERTAJATI	 158000 
TRANSFER DARI | PEMINDAHAN DARI 177634945 DANA SETORAN NEW PREPAID | 0808080070 08012021 3 500110 SUBANG	 145000 
TRANSFER DARI | PEMINDAHAN DARI 177634945 DANA SETORAN NEW PREPAID | 0808080070 08012021 3 500100 CIKOPO	 1863000 
TRANSFER DARI | PEMINDAHAN DARI 177634945 DANA SETORAN NEW PREPAID | 0808080070 08012021 3 301426 CIKAMPEK UTAMA 2	 3295000 
TRANSFER DARI | PEMINDAHAN DARI 177634945 DANA SETORAN NEW PREPAID | 0808080070 08012021 3 500115 CIKEDUNG	 264500 
TRANSFER DARI | PEMINDAHAN DARI 177634945 DANA SETORAN NEW PREPAID | 0808080070 08012021 3 500120 KERTAJATI	 79000 
TRANSFER DARI | PEMINDAHAN DARI 177634945 DANA SETORAN NEW PREPAID | 0808080070 08012021 2 301426 CIKAMPEK UTAMA 2	 5481000 
TRANSFER DARI | PEMINDAHAN DARI 177634945 DANA SETORAN NEW PREPAID | 0808080070 08012021 1 500105 KALIJATI	 75000 
TRANSFER DARI | PEMINDAHAN DARI 177634945 DANA SETORAN NEW PREPAID | 0808080070 08012021 2 500110 SUBANG	 282000 
TRANSFER DARI | PEMINDAHAN DARI 177634945 DANA SETORAN NEW PREPAID | 0808080070 08012021 2 500120 KERTAJATI	 587000 
TRANSFER DARI | PEMINDAHAN DARI 177634945 DANA SETORAN NEW PREPAID | 0808080070 08012021 2 500100 CIKOPO	 9608500 
TRANSFER DARI | PEMINDAHAN DARI 177634945 DANA SETORAN NEW PREPAID | 0808080070 08012021 1 500125 SUMBERJAYA	 328000 
TRANSFER DARI | PEMINDAHAN DARI 177634945 DANA SETORAN NEW PREPAID | 0808080070 08012021 2 500125 SUMBERJAYA	 134000 
TRANSFER DARI | PEMINDAHAN DARI 177634945 DANA SETORAN NEW PREPAID | 0808080070 08012021 2 500115 CIKEDUNG	 2028500 
TRANSFER DARI | PEMINDAHAN DARI 177634945 DANA SETORAN NEW PREPAID | 0808080070 08012021 1 500100 CIKOPO	 8988500 
TRANSFER DARI | PEMINDAHAN DARI 177634945 DANA SETORAN NEW PREPAID | 0808080070 08012021 1 500120 KERTAJATI	 111000 
TRANSFER DARI | PEMINDAHAN DARI 177634945 DANA SETORAN NEW PREPAID | 0808080070 08012021 2 301420 CIKAMPEK	 462000 
TRANSFER DARI | PEMINDAHAN DARI 177634945 DANA SETORAN NEW PREPAID | 0808080070 08012021 2 500105 KALIJATI	 121000 
TRANSFER DARI | PEMINDAHAN DARI 177634945 DANA SETORAN NEW PREPAID | 0808080070 08012021 1 500110 SUBANG	 693000 
TRANSFER DARI | PEMINDAHAN DARI 177634945 DANA SETORAN NEW PREPAID | 0808080070 08012021 1 500115 CIKEDUNG	 244000 
TRANSFER DARI | PEMINDAHAN DARI 177634945 DANA SETORAN NEW PREPAID | 0808080070 08012021 3 301426 CIKAMPEK UTAMA 2	 3466000 
TRANSFER DARI | PEMINDAHAN DARI 177634945 DANA SETORAN NEW PREPAID | 0808080070 08012021 3 500110 SUBANG	 140000 
TRANSFER DARI | PEMINDAHAN DARI 177634945 DANA SETORAN NEW PREPAID | 0808080070 08012021 3 301420 CIKAMPEK	 222000 
TRANSFER DARI | PEMINDAHAN DARI 177634945 DANA SETORAN NEW PREPAID | 0808080070 08012021 3 500100 CIKOPO	 2447500 
TRANSFER DARI | PEMINDAHAN DARI 177634945 DANA SETORAN NEW PREPAID | 0808080070 08012021 3 500120 KERTAJATI	 107500 
TRANSFER DARI | PEMINDAHAN DARI 177634945 DANA SETORAN NEW PREPAID | 0808080070 09012021 3 301420 CIKAMPEK	 107500 
TRANSFER DARI | PEMINDAHAN DARI 177634945 DANA SETORAN NEW PREPAID | 0808080070 09012021 3 500120 KERTAJATI	 396000 
TRANSFER DARI | PEMINDAHAN DARI 177634945 DANA SETORAN NEW PREPAID | 0808080070 09012021 3 301426 CIKAMPEK UTAMA 2	 3626500 
TRANSFER DARI | PEMINDAHAN DARI 177634945 DANA SETORAN NEW PREPAID | 0808080070 09012021 3 500110 SUBANG	 70000 
TRANSFER DARI | PEMINDAHAN DARI 177634945 DANA SETORAN NEW PREPAID | 0808080070 09012021 3 500100 CIKOPO	 6076500 
TRANSFER DARI | PEMINDAHAN DARI 177634945 DANA SETORAN NEW PREPAID | 0808080070 09012021 3 500125 SUMBERJAYA	 13500 
TRANSFER DARI | PEMINDAHAN DARI 177634945 DANA SETORAN NEW PREPAID | 0808080070 09012021 1 500115 CIKEDUNG	 385500 
TRANSFER DARI | PEMINDAHAN DARI 177634945 DANA SETORAN NEW PREPAID | 0808080070 09012021 1 500100 CIKOPO	 11430000 
TRANSFER DARI | PEMINDAHAN DARI 177634945 DANA SETORAN NEW PREPAID | 0808080070 09012021 1 500110 SUBANG	 1172500 
TRANSFER DARI | PEMINDAHAN DARI 177634945 DANA SETORAN NEW PREPAID | 0808080070 09012021 1 301420 CIKAMPEK	 322500 
TRANSFER DARI | PEMINDAHAN DARI 177634945 DANA SETORAN NEW PREPAID | 0808080070 09012021 1 500125 SUMBERJAYA	 334500 
TRANSFER DARI | PEMINDAHAN DARI 177634945 DANA SETORAN NEW PREPAID | 0808080070 09012021 1 301426 CIKAMPEK UTAMA 2	 5551000 
TRANSFER DARI | PEMINDAHAN DARI 177634945 DANA SETORAN NEW PREPAID | 0808080070 09012021 1 500105 KALIJATI	 316500 
TRANSFER DARI | PEMINDAHAN DARI 177634945 DANA SETORAN NEW PREPAID | 0808080070 09012021 1 500120 KERTAJATI	 761500 
TRANSFER DARI | PEMINDAHAN DARI 177634945 DANA SETORAN NEW PREPAID | 0808080070 09012021 2 500125 SUMBERJAYA	 54000 
TRANSFER DARI | PEMINDAHAN DARI 177634945 DANA SETORAN NEW PREPAID | 0808080070 09012021 2 301426 CIKAMPEK UTAMA 2	 9067500 
TRANSFER DARI | PEMINDAHAN DARI 177634945 DANA SETORAN NEW PREPAID | 0808080070 09012021 2 500110 SUBANG	 720500 
TRANSFER DARI | PEMINDAHAN DARI 177634945 DANA SETORAN NEW PREPAID | 0808080070 09012021 2 500105 KALIJATI	 139500 
TRANSFER DARI | PEMINDAHAN DARI 177634945 DANA SETORAN NEW PREPAID | 0808080070 09012021 2 500120 KERTAJATI	 566000 
TRANSFER DARI | PEMINDAHAN DARI 177634945 DANA SETORAN NEW PREPAID | 0808080070 09012021 2 500100 CIKOPO	 4756500 
TRANSFER DARI | PEMINDAHAN DARI 177634945 DANA SETORAN NEW PREPAID | 0808080070 09012021 2 500115 CIKEDUNG	 1259500 
TRANSFER DARI | PEMINDAHAN DARI 177634945 DANA SETORAN NEW PREPAID | 0808080070 09012021 3 500115 CIKEDUNG	 45500 
TRANSFER DARI | PEMINDAHAN DARI 177634945 DANA SETORAN NEW PREPAID | 0808080070 09012021 3 500120 KERTAJATI	 237000 
TRANSFER DARI | PEMINDAHAN DARI 177634945 DANA SETORAN NEW PREPAID | 0808080070 09012021 3 301426 CIKAMPEK UTAMA 2	 2865000 
TRANSFER DARI | PEMINDAHAN DARI 177634945 DANA SETORAN NEW PREPAID | 0808080070 09012021 3 500100 CIKOPO	 860000 
TRANSFER DARI | PEMINDAHAN DARI 177634945 DANA SETORAN NEW PREPAID | 0808080070 09012021 3 500125 SUMBERJAYA	 13500 
TRANSFER DARI | PEMINDAHAN DARI 177634945 DANA SETORAN NEW PREPAID | 0808080070 10012021 3 500125 SUMBERJAYA	 13500 
TRANSFER DARI | PEMINDAHAN DARI 177634945 DANA SETORAN NEW PREPAID | 0808080070 10012021 3 500100 CIKOPO	 1949000 
TRANSFER DARI | PEMINDAHAN DARI 177634945 DANA SETORAN NEW PREPAID | 0808080070 10012021 3 301426 CIKAMPEK UTAMA 2	 2608000 
TRANSFER DARI | PEMINDAHAN DARI 177634945 DANA SETORAN NEW PREPAID | 0808080070 09012021 3 301420 CIKAMPEK	 93500 
TRANSFER DARI | PEMINDAHAN DARI 177634945 DANA SETORAN NEW PREPAID | 0808080070 09012021 2 301420 CIKAMPEK	 579000 
TRANSFER DARI | PEMINDAHAN DARI 177634945 DANA SETORAN NEW PREPAID | 0808080070 10012021 1 500115 CIKEDUNG	 123000 
TRANSFER DARI | PEMINDAHAN DARI 177634945 DANA SETORAN NEW PREPAID | 0808080070 10012021 1 500120 KERTAJATI	 673500 
TRANSFER DARI | PEMINDAHAN DARI 177634945 DANA SETORAN NEW PREPAID | 0808080070 10012021 1 500100 CIKOPO	 7600000 
TRANSFER DARI | PEMINDAHAN DARI 177634945 DANA SETORAN NEW PREPAID | 0808080070 10012021 1 500110 SUBANG	 620000 
TRANSFER DARI | PEMINDAHAN DARI 177634945 DANA SETORAN NEW PREPAID | 0808080070 10012021 1 301420 CIKAMPEK	 614500 
TRANSFER DARI | PEMINDAHAN DARI 177634945 DANA SETORAN NEW PREPAID | 0808080070 10012021 1 500105 KALIJATI	 160500 
TRANSFER DARI | PEMINDAHAN DARI 177634945 DANA SETORAN NEW PREPAID | 0808080070 10012021 1 500125 SUMBERJAYA	 134000 
TRANSFER DARI | PEMINDAHAN DARI 177634945 DANA SETORAN NEW PREPAID | 0808080070 10012021 1 301426 CIKAMPEK UTAMA 2	 5486000 
TRANSFER DARI | PEMINDAHAN DARI 177634945 DANA SETORAN NEW PREPAID | 0808080070 10012021 2 500100 CIKOPO	 5038500 
TRANSFER DARI | PEMINDAHAN DARI 177634945 DANA SETORAN NEW PREPAID | 0808080070 10012021 2 500125 SUMBERJAYA	 195000 
TRANSFER DARI | PEMINDAHAN DARI 177634945 DANA SETORAN NEW PREPAID | 0808080070 10012021 2 500110 SUBANG	 447500 
TRANSFER DARI | PEMINDAHAN DARI 177634945 DANA SETORAN NEW PREPAID | 0808080070 10012021 2 301426 CIKAMPEK UTAMA 2	 16254500 
TRANSFER DARI | PEMINDAHAN DARI 177634945 DANA SETORAN NEW PREPAID | 0808080070 10012021 2 301420 CIKAMPEK	 670000 
TRANSFER DARI | PEMINDAHAN DARI 177634945 DANA SETORAN NEW PREPAID | 0808080070 10012021 2 500115 CIKEDUNG	 72000 
TRANSFER DARI | PEMINDAHAN DARI 177634945 DANA SETORAN NEW PREPAID | 0808080070 10012021 2 500105 KALIJATI	 451000 
TRANSFER DARI | PEMINDAHAN DARI 177634945 DANA SETORAN NEW PREPAID | 0808080070 10012021 2 500120 KERTAJATI	 379500 
TRANSFER DARI | PEMINDAHAN DARI 177634945 DANA SETORAN NEW PREPAID | 0808080070 10012021 3 301426 CIKAMPEK UTAMA 2	 6240500 
TRANSFER DARI | PEMINDAHAN DARI 177634945 DANA SETORAN NEW PREPAID | 0808080070 10012021 3 500100 CIKOPO	 1605500 
TRANSFER DARI | PEMINDAHAN DARI 177634945 DANA SETORAN NEW PREPAID | 0808080070 10012021 3 500105 KALIJATI	 107500 
TRANSFER DARI | PEMINDAHAN DARI 177634945 DANA SETORAN NEW PREPAID | 0808080070 10012021 3 301420 CIKAMPEK	 142500 
TRANSFER DARI | PEMINDAHAN DARI 177634945 DANA SETORAN NEW PREPAID | 0808080070 10012021 3 500120 KERTAJATI	 79000 
TRANSFER DARI | PEMINDAHAN DARI 177634945 DANA SETORAN NEW PREPAID | 0808080070 10012021 3 500110 SUBANG	 179000 
TRANSFER DARI | PEMINDAHAN DARI 177634945 DANA SETORAN NEW PREPAID | 0808080070 11012021 3 301426 CIKAMPEK UTAMA 2	 5251000 
TRANSFER DARI | PEMINDAHAN DARI 177634945 DANA SETORAN NEW PREPAID | 0808080070 11012021 3 500105 KALIJATI	 107500 
TRANSFER DARI | PEMINDAHAN DARI 177634945 DANA SETORAN NEW PREPAID | 0808080070 11012021 3 500110 SUBANG	 107000 
TRANSFER DARI | PEMINDAHAN DARI 177634945 DANA SETORAN NEW PREPAID | 0808080070 11012021 3 500125 SUMBERJAYA	 194000 
TRANSFER DARI | PEMINDAHAN DARI 177634945 DANA SETORAN NEW PREPAID | 0808080070 11012021 3 500100 CIKOPO	 1873500 
TRANSFER DARI | PEMINDAHAN DARI 177634945 DANA SETORAN NEW PREPAID | 0808080070 11012021 3 500120 KERTAJATI	 193000 
TRANSFER DARI | PEMINDAHAN DARI 177634945 DANA SETORAN NEW PREPAID | 0808080070 11012021 3 500115 CIKEDUNG	 101500 
TRANSFER DARI | PEMINDAHAN DARI 177634945 DANA SETORAN NEW PREPAID | 0808080070 11012021 1 500100 CIKOPO	 4310500 
TRANSFER DARI | PEMINDAHAN DARI 177634945 DANA SETORAN NEW PREPAID | 0808080070 11012021 1 500110 SUBANG	 958000 
TRANSFER DARI | PEMINDAHAN DARI 177634945 DANA SETORAN NEW PREPAID | 0808080070 11012021 1 500120 KERTAJATI	 164500 
TRANSFER DARI | PEMINDAHAN DARI 177634945 DANA SETORAN NEW PREPAID | 0808080070 11012021 1 500125 SUMBERJAYA	 261500 
TRANSFER DARI | PEMINDAHAN DARI 177634945 DANA SETORAN NEW PREPAID | 0808080070 11012021 1 301420 CIKAMPEK	 320000 
TRANSFER DARI | PEMINDAHAN DARI 177634945 DANA SETORAN NEW PREPAID | 0808080070 11012021 1 301426 CIKAMPEK UTAMA 2	 5511000 
TRANSFER DARI | PEMINDAHAN DARI 177634945 DANA SETORAN NEW PREPAID | 0808080070 11012021 1 500105 KALIJATI	 160000 
TRANSFER DARI | PEMINDAHAN DARI 177634945 DANA SETORAN NEW PREPAID | 0808080070 11012021 1 500115 CIKEDUNG	 249000 
TRANSFER DARI | PEMINDAHAN DARI 177634945 DANA SETORAN NEW PREPAID | 0808080070 11012021 2 500100 CIKOPO	 2548500 
TRANSFER DARI | PEMINDAHAN DARI 177634945 DANA SETORAN NEW PREPAID | 0808080070 11012021 2 500110 SUBANG	 203000 
TRANSFER DARI | PEMINDAHAN DARI 177634945 DANA SETORAN NEW PREPAID | 0808080070 11012021 2 301426 CIKAMPEK UTAMA 2	 6462500 
TRANSFER DARI | PEMINDAHAN DARI 177634945 DANA SETORAN NEW PREPAID | 0808080070 11012021 2 301420 CIKAMPEK	 70000 
TRANSFER DARI | PEMINDAHAN DARI 177634945 DANA SETORAN NEW PREPAID | 0808080070 11012021 2 500115 CIKEDUNG	 1688000 
TRANSFER DARI | PEMINDAHAN DARI 177634945 DANA SETORAN NEW PREPAID | 0808080070 11012021 2 500105 KALIJATI	 135000 
TRANSFER DARI | PEMINDAHAN DARI 177634945 DANA SETORAN NEW PREPAID | 0808080070 11012021 2 500125 SUMBERJAYA	 168000 
TRANSFER DARI | PEMINDAHAN DARI 177634945 DANA SETORAN NEW PREPAID | 0808080070 11012021 3 301426 CIKAMPEK UTAMA 2	 2327500 
TRANSFER DARI | PEMINDAHAN DARI 177634945 DANA SETORAN NEW PREPAID | 0808080070 11012021 3 500100 CIKOPO	 609500 
TRANSFER DARI | PEMINDAHAN DARI 177634945 DANA SETORAN NEW PREPAID | 0808080070 11012021 3 500125 SUMBERJAYA	 13500 
TRANSFER DARI | PEMINDAHAN DARI 177634945 DANA SETORAN NEW PREPAID | 0808080070 11012021 3 500105 KALIJATI	 25000 
TRANSFER DARI | PEMINDAHAN DARI 177634945 DANA SETORAN NEW PREPAID | 0808080070 12012021 3 500100 CIKOPO	 2449500 
TRANSFER DARI | PEMINDAHAN DARI 177634945 DANA SETORAN NEW PREPAID | 0808080070 12012021 3 301426 CIKAMPEK UTAMA 2	 1432500 
TRANSFER DARI | PEMINDAHAN DARI 177634945 DANA SETORAN NEW PREPAID | 0808080070 12012021 3 500125 SUMBERJAYA	 13500 
TRANSFER DARI | PEMINDAHAN DARI 177634945 DANA SETORAN NEW PREPAID | 0808080070 12012021 3 500110 SUBANG	 289500 
TRANSFER DARI | PEMINDAHAN DARI 177634945 DANA SETORAN NEW PREPAID | 0808080070 12012021 3 500115 CIKEDUNG	 101500 
TRANSFER DARI | PEMINDAHAN DARI 177634945 DANA SETORAN NEW PREPAID | 0808080070 12012021 1 301420 CIKAMPEK	 478500 
TRANSFER DARI | PEMINDAHAN DARI 177634945 DANA SETORAN NEW PREPAID | 0808080070 12012021 1 500120 KERTAJATI	 725500 
TRANSFER DARI | PEMINDAHAN DARI 177634945 DANA SETORAN NEW PREPAID | 0808080070 12012021 1 500115 CIKEDUNG	 271500 
TRANSFER DARI | PEMINDAHAN DARI 177634945 DANA SETORAN NEW PREPAID | 0808080070 12012021 1 500110 SUBANG	 1067500 
TRANSFER DARI | PEMINDAHAN DARI 177634945 DANA SETORAN NEW PREPAID | 0808080070 12012021 1 500100 CIKOPO	 6218500 
TRANSFER DARI | PEMINDAHAN DARI 177634945 DANA SETORAN NEW PREPAID | 0808080070 12012021 1 301426 CIKAMPEK UTAMA 2	 4244500 
TRANSFER DARI | PEMINDAHAN DARI 177634945 DANA SETORAN NEW PREPAID | 0808080070 12012021 1 500105 KALIJATI	 85500 
TRANSFER DARI | PEMINDAHAN DARI 177634945 DANA SETORAN NEW PREPAID | 0808080070 12012021 1 500125 SUMBERJAYA	 348000 
TRANSFER DARI | PEMINDAHAN DARI 177634945 DANA SETORAN NEW PREPAID | 0808080070 12012021 2 500100 CIKOPO	 2493000 
TRANSFER DARI | PEMINDAHAN DARI 177634945 DANA SETORAN NEW PREPAID | 0808080070 12012021 2 500120 KERTAJATI	 215000 
TRANSFER DARI | PEMINDAHAN DARI 177634945 DANA SETORAN NEW PREPAID | 0808080070 12012021 2 301426 CIKAMPEK UTAMA 2	 3963000 
TRANSFER DARI | PEMINDAHAN DARI 177634945 DANA SETORAN NEW PREPAID | 0808080070 12012021 2 500110 SUBANG	 417500 
TRANSFER DARI | PEMINDAHAN DARI 177634945 DANA SETORAN NEW PREPAID | 0808080070 12012021 2 500130 PALIMANAN	 544500 
TRANSFER DARI | PEMINDAHAN DARI 177634945 DANA SETORAN NEW PREPAID | 0808080070 12012021 2 500105 KALIJATI	 50000 
TRANSFER DARI | PEMINDAHAN DARI 177634945 DANA SETORAN NEW PREPAID | 0808080070 12012021 2 500115 CIKEDUNG	 745500 
TRANSFER DARI | PEMINDAHAN DARI 177634945 DANA SETORAN NEW PREPAID | 0808080070 12012021 2 500125 SUMBERJAYA	 58500 
TRANSFER DARI | PEMINDAHAN DARI 177634945 DANA SETORAN NEW PREPAID | 0808080070 12012021 3 500100 CIKOPO	 609500 
TRANSFER DARI | PEMINDAHAN DARI 177634945 DANA SETORAN NEW PREPAID | 0808080070 12012021 3 301426 CIKAMPEK UTAMA 2	 2696500 
TRANSFER DARI | PEMINDAHAN DARI 177634945 DANA SETORAN NEW PREPAID | 0808080070 12012021 3 500125 SUMBERJAYA	 248000 
TRANSFER DARI | PEMINDAHAN DARI 177634945 DANA SETORAN NEW PREPAID | 0808080070 12012021 2 500105 KALIJATI	 10500 
TRANSFER DARI | PEMINDAHAN DARI 177634945 DANA SETORAN NEW PREPAID | 0808080070 12012021 3 500110 SUBANG	 45500 
TRANSFER DARI | PEMINDAHAN DARI 177634945 DANA SETORAN NEW PREPAID | 0808080070 12012021 3 500115 CIKEDUNG	 1060500 
TRANSFER DARI | PEMINDAHAN DARI 177634945 DANA SETORAN NEW PREPAID | 0808080070 13012021 3 500105 KALIJATI	 10500 
TRANSFER DARI | PEMINDAHAN DARI 177634945 DANA SETORAN NEW PREPAID | 0808080070 13012021 3 500120 KERTAJATI	 79000 
TRANSFER DARI | PEMINDAHAN DARI 177634945 DANA SETORAN NEW PREPAID | 0808080070 13012021 3 500110 SUBANG	 72500 
TRANSFER DARI | PEMINDAHAN DARI 177634945 DANA SETORAN NEW PREPAID | 0808080070 13012021 3 500100 CIKOPO	 1942000 
TRANSFER DARI | PEMINDAHAN DARI 177634945 DANA SETORAN NEW PREPAID | 0808080070 13012021 3 500115 CIKEDUNG	 101500 
TRANSFER DARI | PEMINDAHAN DARI 177634945 DANA SETORAN NEW PREPAID | 0808080070 13012021 3 301426 CIKAMPEK UTAMA 2	 1783000 
TRANSFER DARI | PEMINDAHAN DARI 177634945 DANA SETORAN NEW PREPAID | 0808080070 13012021 1 301420 CIKAMPEK	 142500 
TRANSFER DARI | PEMINDAHAN DARI 177634945 DANA SETORAN NEW PREPAID | 0808080070 13012021 1 301426 CIKAMPEK UTAMA 2	 6301000 
TRANSFER DARI | PEMINDAHAN DARI 177634945 DANA SETORAN NEW PREPAID | 0808080070 13012021 2 500105 KALIJATI	 338500 
TRANSFER DARI | PEMINDAHAN DARI 177634945 DANA SETORAN NEW PREPAID | 0808080070 13012021 2 500110 SUBANG	 285500 
TRANSFER DARI | PEMINDAHAN DARI 177634945 DANA SETORAN NEW PREPAID | 0808080070 13012021 1 500105 KALIJATI	 141000 
TRANSFER DARI | PEMINDAHAN DARI 177634945 DANA SETORAN NEW PREPAID | 0808080070 13012021 2 301426 CIKAMPEK UTAMA 2	 4152500 
TRANSFER DARI | PEMINDAHAN DARI 177634945 DANA SETORAN NEW PREPAID | 0808080070 13012021 1 500100 CIKOPO	 4607500 
TRANSFER DARI | PEMINDAHAN DARI 177634945 DANA SETORAN NEW PREPAID | 0808080070 13012021 2 500115 CIKEDUNG	 1620500 
TRANSFER DARI | PEMINDAHAN DARI 177634945 DANA SETORAN NEW PREPAID | 0808080070 13012021 2 500130 PALIMANAN	 812000 
TRANSFER DARI | PEMINDAHAN DARI 177634945 DANA SETORAN NEW PREPAID | 0808080070 13012021 2 500100 CIKOPO	 2910000 
TRANSFER DARI | PEMINDAHAN DARI 177634945 DANA SETORAN NEW PREPAID | 0808080070 13012021 1 500120 KERTAJATI	 466000 
TRANSFER DARI | PEMINDAHAN DARI 177634945 DANA SETORAN NEW PREPAID | 0808080070 13012021 2 500120 KERTAJATI	 237000 
TRANSFER DARI | PEMINDAHAN DARI 177634945 DANA SETORAN NEW PREPAID | 0808080070 13012021 1 500130 PALIMANAN	 787000 
TRANSFER DARI | PEMINDAHAN DARI 177634945 DANA SETORAN NEW PREPAID | 0808080070 13012021 1 500115 CIKEDUNG	 227500 
TRANSFER DARI | PEMINDAHAN DARI 177634945 DANA SETORAN NEW PREPAID | 0808080070 13012021 2 301420 CIKAMPEK	 142500 
TRANSFER DARI | PEMINDAHAN DARI 177634945 DANA SETORAN NEW PREPAID | 0808080070 13012021 1 500125 SUMBERJAYA	 248000 
TRANSFER DARI | PEMINDAHAN DARI 177634945 DANA SETORAN NEW PREPAID | 0808080070 13012021 1 500110 SUBANG	 822500 
TRANSFER DARI | PEMINDAHAN DARI 177634945 DANA SETORAN NEW PREPAID | 0808080070 13012021 2 500125 SUMBERJAYA	 27000 
TRANSFER DARI | PEMINDAHAN DARI 177634945 DANA SETORAN NEW PREPAID | 0808080070 13012021 3 301420 CIKAMPEK	 25000 
TRANSFER DARI | PEMINDAHAN DARI 177634945 DANA SETORAN NEW PREPAID | 0808080070 13012021 3 500105 KALIJATI	 10500 
TRANSFER DARI | PEMINDAHAN DARI 177634945 DANA SETORAN NEW PREPAID | 0808080070 13012021 3 500120 KERTAJATI	 28500 
TRANSFER DARI | PEMINDAHAN DARI 177634945 DANA SETORAN NEW PREPAID | 0808080070 13012021 3 500100 CIKOPO	 849500 
TRANSFER DARI | PEMINDAHAN DARI 177634945 DANA SETORAN NEW PREPAID | 0808080070 13012021 3 500115 CIKEDUNG	 366000 
TRANSFER DARI | PEMINDAHAN DARI 177634945 DANA SETORAN NEW PREPAID | 0808080070 13012021 3 301426 CIKAMPEK UTAMA 2	 3183000 
TRANSFER DARI | PEMINDAHAN DARI 177634945 DANA SETORAN NEW PREPAID | 0808080070 13012021 3 500125 SUMBERJAYA	 121500 
TRANSFER DARI | PEMINDAHAN DARI 177634945 DANA SETORAN NEW PREPAID | 0808080070 14012021 3 500115 CIKEDUNG	 203000 
TRANSFER DARI | PEMINDAHAN DARI 177634945 DANA SETORAN NEW PREPAID | 0808080070 14012021 3 301426 CIKAMPEK UTAMA 2	 2320500 
TRANSFER DARI | PEMINDAHAN DARI 177634945 DANA SETORAN NEW PREPAID | 0808080070 14012021 3 301420 CIKAMPEK	 107500 
TRANSFER DARI | PEMINDAHAN DARI 177634945 DANA SETORAN NEW PREPAID | 0808080070 14012021 3 500100 CIKOPO	 2112000 
TRANSFER DARI | PEMINDAHAN DARI 177634945 DANA SETORAN NEW PREPAID | 0808080070 14012021 3 500130 PALIMANAN	 107500 
TRANSFER DARI | PEMINDAHAN DARI 177634945 DANA SETORAN NEW PREPAID | 0808080070 14012021 1 500115 CIKEDUNG	 143500 
TRANSFER DARI | PEMINDAHAN DARI 177634945 DANA SETORAN NEW PREPAID | 0808080070 14012021 1 500105 KALIJATI	 85500 
TRANSFER DARI | PEMINDAHAN DARI 177634945 DANA SETORAN NEW PREPAID | 0808080070 14012021 1 500120 KERTAJATI	 330000 
TRANSFER DARI | PEMINDAHAN DARI 177634945 DANA SETORAN NEW PREPAID | 0808080070 14012021 1 500110 SUBANG	 1083500 
TRANSFER DARI | PEMINDAHAN DARI 177634945 DANA SETORAN NEW PREPAID | 0808080070 14012021 1 500125 SUMBERJAYA	 476500 
TRANSFER DARI | PEMINDAHAN DARI 177634945 DANA SETORAN NEW PREPAID | 0808080070 14012021 1 301426 CIKAMPEK UTAMA 2	 3952500 
TRANSFER DARI | PEMINDAHAN DARI 177634945 DANA SETORAN NEW PREPAID | 0808080070 14012021 1 500100 CIKOPO	 7143500 
TRANSFER DARI | PEMINDAHAN DARI 177634945 DANA SETORAN NEW PREPAID | 0808080070 14012021 2 500105 KALIJATI	 42000 
TRANSFER DARI | PEMINDAHAN DARI 177634945 DANA SETORAN NEW PREPAID | 0808080070 14012021 1 500130 PALIMANAN	 343000 
TRANSFER DARI | PEMINDAHAN DARI 177634945 DANA SETORAN NEW PREPAID | 0808080070 14012021 2 500100 CIKOPO	 3516000 
TRANSFER DARI | PEMINDAHAN DARI 177634945 DANA SETORAN NEW PREPAID | 0808080070 14012021 2 500120 KERTAJATI	 79000 
TRANSFER DARI | PEMINDAHAN DARI 177634945 DANA SETORAN NEW PREPAID | 0808080070 14012021 2 301420 CIKAMPEK	 579500 
TRANSFER DARI | PEMINDAHAN DARI 177634945 DANA SETORAN NEW PREPAID | 0808080070 14012021 2 301426 CIKAMPEK UTAMA 2	 3719500 
TRANSFER DARI | PEMINDAHAN DARI 177634945 DANA SETORAN NEW PREPAID | 0808080070 14012021 2 500110 SUBANG	 170000 
TRANSFER DARI | PEMINDAHAN DARI 177634945 DANA SETORAN NEW PREPAID | 0808080070 14012021 2 500115 CIKEDUNG	 1251500 
TRANSFER DARI | PEMINDAHAN DARI 177634945 DANA SETORAN NEW PREPAID | 0808080070 14012021 2 500130 PALIMANAN	 450500 
TRANSFER DARI | PEMINDAHAN DARI 177634945 DANA SETORAN NEW PREPAID | 0808080070 14012021 2 500125 SUMBERJAYA	 28000 
TRANSFER DARI | PEMINDAHAN DARI 177634945 DANA SETORAN NEW PREPAID | 0808080070 14012021 3 301426 CIKAMPEK UTAMA 2	 2674500 
TRANSFER DARI | PEMINDAHAN DARI 177634945 DANA SETORAN NEW PREPAID | 0808080070 14012021 3 500105 KALIJATI	 10500 
TRANSFER DARI | PEMINDAHAN DARI 177634945 DANA SETORAN NEW PREPAID | 0808080070 14012021 2 301426 CIKAMPEK UTAMA 2	 757500 
TRANSFER DARI | PEMINDAHAN DARI 177634945 DANA SETORAN NEW PREPAID | 0808080070 14012021 3 500110 SUBANG	 35000 
TRANSFER DARI | PEMINDAHAN DARI 177634945 DANA SETORAN NEW PREPAID | 0808080070 14012021 3 500100 CIKOPO	 1373000 
TRANSFER DARI | PEMINDAHAN DARI 177634945 DANA SETORAN NEW PREPAID | 0808080070 14012021 3 500120 KERTAJATI	 28500 
TRANSFER DARI | PEMINDAHAN DARI 177634945 DANA SETORAN NEW PREPAID | 0808080070 15012021 3 500110 SUBANG	 35000 
TRANSFER DARI | PEMINDAHAN DARI 177634945 DANA SETORAN NEW PREPAID | 0808080070 15012021 3 500115 CIKEDUNG	 203000 
TRANSFER DARI | PEMINDAHAN DARI 177634945 DANA SETORAN NEW PREPAID | 0808080070 15012021 3 301420 CIKAMPEK	 107500 
TRANSFER DARI | PEMINDAHAN DARI 177634945 DANA SETORAN NEW PREPAID | 0808080070 15012021 3 301426 CIKAMPEK UTAMA 2	 1282500 
TRANSFER DARI | PEMINDAHAN DARI 177634945 DANA SETORAN NEW PREPAID | 0808080070 15012021 3 500100 CIKOPO	 2736000 
TRANSFER DARI | PEMINDAHAN DARI 177634945 DANA SETORAN NEW PREPAID | 0808080070 15012021 1 301420 CIKAMPEK	 175000 
TRANSFER DARI | PEMINDAHAN DARI 177634945 DANA SETORAN NEW PREPAID | 0808080070 15012021 1 301426 CIKAMPEK UTAMA 2	 2646000 
TRANSFER DARI | PEMINDAHAN DARI 177634945 DANA SETORAN NEW PREPAID | 0808080070 15012021 1 500110 SUBANG	 834000 
TRANSFER DARI | PEMINDAHAN DARI 177634945 DANA SETORAN NEW PREPAID | 0808080070 15012021 1 500115 CIKEDUNG	 378000 
TRANSFER DARI | PEMINDAHAN DARI 177634945 DANA SETORAN NEW PREPAID | 0808080070 15012021 1 500125 SUMBERJAYA	 328000 
TRANSFER DARI | PEMINDAHAN DARI 177634945 DANA SETORAN NEW PREPAID | 0808080070 15012021 2 301426 CIKAMPEK UTAMA 2	 5744500 
TRANSFER DARI | PEMINDAHAN DARI 177634945 DANA SETORAN NEW PREPAID | 0808080070 15012021 2 500100 CIKOPO	 5412500 
TRANSFER DARI | PEMINDAHAN DARI 177634945 DANA SETORAN NEW PREPAID | 0808080070 15012021 2 500115 CIKEDUNG	 632000 
TRANSFER DARI | PEMINDAHAN DARI 177634945 DANA SETORAN NEW PREPAID | 0808080070 15012021 1 500130 PALIMANAN	 575000 
TRANSFER DARI | PEMINDAHAN DARI 177634945 DANA SETORAN NEW PREPAID | 0808080070 15012021 2 500130 PALIMANAN	 932000 
TRANSFER DARI | PEMINDAHAN DARI 177634945 DANA SETORAN NEW PREPAID | 0808080070 15012021 2 301420 CIKAMPEK	 436500 
TRANSFER DARI | PEMINDAHAN DARI 177634945 DANA SETORAN NEW PREPAID | 0808080070 15012021 1 500100 CIKOPO	 5795500 
TRANSFER DARI | PEMINDAHAN DARI 177634945 DANA SETORAN NEW PREPAID | 0808080070 15012021 2 500110 SUBANG	 509500 
TRANSFER DARI | PEMINDAHAN DARI 177634945 DANA SETORAN NEW PREPAID | 0808080070 15012021 1 500105 KALIJATI	 142000 
TRANSFER DARI | PEMINDAHAN DARI 177634945 DANA SETORAN NEW PREPAID | 0808080070 15012021 2 500105 KALIJATI	 46000 
TRANSFER DARI | PEMINDAHAN DARI 177634945 DANA SETORAN NEW PREPAID | 0808080070 15012021 2 500125 SUMBERJAYA	 208000 
TRANSFER DARI | PEMINDAHAN DARI 177634945 DANA SETORAN NEW PREPAID | 0808080070 15012021 1 500120 KERTAJATI	 294000 
TRANSFER DARI | PEMINDAHAN DARI 177634945 DANA SETORAN NEW PREPAID | 0808080070 15012021 2 500120 KERTAJATI	 461000 
TRANSFER DARI | PEMINDAHAN DARI 177634945 DANA SETORAN NEW PREPAID | 0808080070 15012021 3 500105 KALIJATI	 10500 
TRANSFER DARI | PEMINDAHAN DARI 177634945 DANA SETORAN NEW PREPAID | 0808080070 15012021 3 500110 SUBANG	 70000 
TRANSFER DARI | PEMINDAHAN DARI 177634945 DANA SETORAN NEW PREPAID | 0808080070 15012021 3 301420 CIKAMPEK	 285000 
TRANSFER DARI | PEMINDAHAN DARI 177634945 DANA SETORAN NEW PREPAID | 0808080070 15012021 3 301426 CIKAMPEK UTAMA 2	 3553500 
TRANSFER DARI | PEMINDAHAN DARI 177634945 DANA SETORAN NEW PREPAID | 0808080070 15012021 3 500100 CIKOPO	 1710500 
TRANSFER DARI | PEMINDAHAN DARI 177634945 DANA SETORAN NEW PREPAID | 0808080070 16012021 3 500100 CIKOPO	 3404500 
TRANSFER DARI | PEMINDAHAN DARI 177634945 DANA SETORAN NEW PREPAID | 0808080070 16012021 3 500120 KERTAJATI	 316000 
TRANSFER DARI | PEMINDAHAN DARI 177634945 DANA SETORAN NEW PREPAID | 0808080070 16012021 3 500130 PALIMANAN	 284500 
TRANSFER DARI | PEMINDAHAN DARI 177634945 DANA SETORAN NEW PREPAID | 0808080070 16012021 3 301426 CIKAMPEK UTAMA 2	 1724000 
TRANSFER DARI | PEMINDAHAN DARI 177634945 DANA SETORAN NEW PREPAID | 0808080070 16012021 3 500110 SUBANG	 35000 
TRANSFER DARI | PEMINDAHAN DARI 177634945 DANA SETORAN NEW PREPAID | 0808080070 16012021 3 500115 CIKEDUNG	 387500 
TRANSFER DARI | PEMINDAHAN DARI 177634945 DANA SETORAN NEW PREPAID | 0808080070 16012021 1 500120 KERTAJATI	 344500 
TRANSFER DARI | PEMINDAHAN DARI 177634945 DANA SETORAN NEW PREPAID | 0808080070 16012021 1 500130 PALIMANAN	 900500 
TRANSFER DARI | PEMINDAHAN DARI 177634945 DANA SETORAN NEW PREPAID | 0808080070 16012021 1 301426 CIKAMPEK UTAMA 2	 2574000 
TRANSFER DARI | PEMINDAHAN DARI 177634945 DANA SETORAN NEW PREPAID | 0808080070 16012021 1 500115 CIKEDUNG	 384500 
TRANSFER DARI | PEMINDAHAN DARI 177634945 DANA SETORAN NEW PREPAID | 0808080070 16012021 1 301420 CIKAMPEK	 107500 
TRANSFER DARI | PEMINDAHAN DARI 177634945 DANA SETORAN NEW PREPAID | 0808080070 16012021 1 500100 CIKOPO	 7667000 
TRANSFER DARI | PEMINDAHAN DARI 177634945 DANA SETORAN NEW PREPAID | 0808080070 16012021 1 500125 SUMBERJAYA	 107000 
TRANSFER DARI | PEMINDAHAN DARI 177634945 DANA SETORAN NEW PREPAID | 0808080070 16012021 1 500105 KALIJATI	 265000 
TRANSFER DARI | PEMINDAHAN DARI 177634945 DANA SETORAN NEW PREPAID | 0808080070 16012021 1 500110 SUBANG	 360500 
TRANSFER DARI | PEMINDAHAN DARI 177634945 DANA SETORAN NEW PREPAID | 0808080070 16012021 2 500100 CIKOPO	 6041500 
TRANSFER DARI | PEMINDAHAN DARI 177634945 DANA SETORAN NEW PREPAID | 0808080070 16012021 2 500115 CIKEDUNG	 861500 
TRANSFER DARI | PEMINDAHAN DARI 177634945 DANA SETORAN NEW PREPAID | 0808080070 16012021 2 500105 KALIJATI	 46000 
TRANSFER DARI | PEMINDAHAN DARI 177634945 DANA SETORAN NEW PREPAID | 0808080070 16012021 2 500110 SUBANG	 383500 
TRANSFER DARI | PEMINDAHAN DARI 177634945 DANA SETORAN NEW PREPAID | 0808080070 16012021 2 500125 SUMBERJAYA	 13500 
TRANSFER DARI | PEMINDAHAN DARI 177634945 DANA SETORAN NEW PREPAID | 0808080070 16012021 2 500120 KERTAJATI	 280000 
TRANSFER DARI | PEMINDAHAN DARI 177634945 DANA SETORAN NEW PREPAID | 0808080070 16012021 1 301426 CIKAMPEK UTAMA 2	 1503500 
TRANSFER DARI | PEMINDAHAN DARI 177634945 DANA SETORAN NEW PREPAID | 0808080070 16012021 3 301420 CIKAMPEK	 215000 
TRANSFER DARI | PEMINDAHAN DARI 177634945 DANA SETORAN NEW PREPAID | 0808080070 16012021 2 301420 CIKAMPEK	 250000 
TRANSFER DARI | PEMINDAHAN DARI 177634945 DANA SETORAN NEW PREPAID | 0808080070 16012021 2 301426 CIKAMPEK UTAMA 2	 8634000 
TRANSFER DARI | PEMINDAHAN DARI 177634945 DANA SETORAN NEW PREPAID | 0808080070 17012021 3 301426 CIKAMPEK UTAMA 2	 1421500 
TRANSFER DARI | PEMINDAHAN DARI 177634945 DANA SETORAN NEW PREPAID | 0808080070 16012021 3 500100 CIKOPO	 673500 
TRANSFER DARI | PEMINDAHAN DARI 177634945 DANA SETORAN NEW PREPAID | 0808080070 16012021 3 500120 KERTAJATI	 136000 
TRANSFER DARI | PEMINDAHAN DARI 177634945 DANA SETORAN NEW PREPAID | 0808080070 16012021 3 500110 SUBANG	 70000 
TRANSFER DARI | PEMINDAHAN DARI 177634945 DANA SETORAN NEW PREPAID | 0808080070 16012021 3 500115 CIKEDUNG	 61500 
TRANSFER DARI | PEMINDAHAN DARI 177634945 DANA SETORAN NEW PREPAID | 0808080070 17012021 3 500110 SUBANG	 105000 
TRANSFER DARI | PEMINDAHAN DARI 177634945 DANA SETORAN NEW PREPAID | 0808080070 17012021 1 500115 CIKEDUNG	 61500 
TRANSFER DARI | PEMINDAHAN DARI 177634945 DANA SETORAN NEW PREPAID | 0808080070 17012021 3 500115 CIKEDUNG	 163000 
TRANSFER DARI | PEMINDAHAN DARI 177634945 DANA SETORAN NEW PREPAID | 0808080070 17012021 1 500125 SUMBERJAYA	 306500 
TRANSFER DARI | PEMINDAHAN DARI 177634945 DANA SETORAN NEW PREPAID | 0808080070 17012021 1 301426 CIKAMPEK UTAMA 2	 4271500 
TRANSFER DARI | PEMINDAHAN DARI 177634945 DANA SETORAN NEW PREPAID | 0808080070 17012021 1 301420 CIKAMPEK	 107500 
TRANSFER DARI | PEMINDAHAN DARI 177634945 DANA SETORAN NEW PREPAID | 0808080070 17012021 1 500100 CIKOPO	 6083500 
TRANSFER DARI | PEMINDAHAN DARI 177634945 DANA SETORAN NEW PREPAID | 0808080070 17012021 3 500100 CIKOPO	 1619500 
TRANSFER DARI | PEMINDAHAN DARI 177634945 DANA SETORAN NEW PREPAID | 0808080070 17012021 1 500105 KALIJATI	 100000 
TRANSFER DARI | PEMINDAHAN DARI 177634945 DANA SETORAN NEW PREPAID | 0808080070 17012021 1 500120 KERTAJATI	 243500 
TRANSFER DARI | PEMINDAHAN DARI 177634945 DANA SETORAN NEW PREPAID | 0808080070 17012021 1 500110 SUBANG	 280000 
TRANSFER DARI | PEMINDAHAN DARI 177634945 DANA SETORAN NEW PREPAID | 0808080070 17012021 3 500120 KERTAJATI	 161500 
TRANSFER DARI | PEMINDAHAN DARI 177634945 DANA SETORAN NEW PREPAID | 0808080070 17012021 2 500100 CIKOPO	 4927000 
TRANSFER DARI | PEMINDAHAN DARI 177634945 DANA SETORAN NEW PREPAID | 0808080070 17012021 2 500105 KALIJATI	 222000 
TRANSFER DARI | PEMINDAHAN DARI 177634945 DANA SETORAN NEW PREPAID | 0808080070 17012021 2 500110 SUBANG	 776500 
TRANSFER DARI | PEMINDAHAN DARI 177634945 DANA SETORAN NEW PREPAID | 0808080070 17012021 2 301426 CIKAMPEK UTAMA 2	 7779000 
TRANSFER DARI | PEMINDAHAN DARI 177634945 DANA SETORAN NEW PREPAID | 0808080070 17012021 2 500115 CIKEDUNG	 44000 
TRANSFER DARI | PEMINDAHAN DARI 177634945 DANA SETORAN NEW PREPAID | 0808080070 17012021 2 301420 CIKAMPEK	 561500 
TRANSFER DARI | PEMINDAHAN DARI 177634945 DANA SETORAN NEW PREPAID | 0808080070 17012021 2 500120 KERTAJATI	 680000 
TRANSFER DARI | PEMINDAHAN DARI 177634945 DANA SETORAN NEW PREPAID | 0808080070 17012021 2 500125 SUMBERJAYA	 275000 
TRANSFER DARI | PEMINDAHAN DARI 177634945 DANA SETORAN NEW PREPAID | 0808080070 17012021 3 500105 KALIJATI	 25000 
TRANSFER DARI | PEMINDAHAN DARI 177634945 DANA SETORAN NEW PREPAID | 0808080070 17012021 3 500110 SUBANG	 179000 
TRANSFER DARI | PEMINDAHAN DARI 177634945 DANA SETORAN NEW PREPAID | 0808080070 17012021 3 301420 CIKAMPEK	 35000 
TRANSFER DARI | PEMINDAHAN DARI 177634945 DANA SETORAN NEW PREPAID | 0808080070 17012021 3 500100 CIKOPO	 1082000 
TRANSFER DARI | PEMINDAHAN DARI 177634945 DANA SETORAN NEW PREPAID | 0808080070 17012021 3 301426 CIKAMPEK UTAMA 2	 5172500 
TRANSFER DARI | PEMINDAHAN DARI 177634945 DANA SETORAN NEW PREPAID | 0808080070 17012021 3 500120 KERTAJATI	 79000 
TRANSFER DARI | PEMINDAHAN DARI 177634945 DANA SETORAN NEW PREPAID | 0808080070 18012021 3 500100 CIKOPO	 1310500 
TRANSFER DARI | PEMINDAHAN DARI 177634945 DANA SETORAN NEW PREPAID | 0808080070 18012021 3 500120 KERTAJATI	 71500 
TRANSFER DARI | PEMINDAHAN DARI 177634945 DANA SETORAN NEW PREPAID | 0808080070 18012021 3 301426 CIKAMPEK UTAMA 2	 3317500 
TRANSFER DARI | PEMINDAHAN DARI 177634945 DANA SETORAN NEW PREPAID | 0808080070 18012021 3 500110 SUBANG	 142000 
TRANSFER DARI | PEMINDAHAN DARI 177634945 DANA SETORAN NEW PREPAID | 0808080070 18012021 3 500125 SUMBERJAYA	 13500 
TRANSFER DARI | PEMINDAHAN DARI 177634945 DANA SETORAN NEW PREPAID | 0808080070 18012021 3 500105 KALIJATI	 17000 
TRANSFER DARI | PEMINDAHAN DARI 177634945 DANA SETORAN NEW PREPAID | 0808080070 18012021 1 500125 SUMBERJAYA	 522000 
TRANSFER DARI | PEMINDAHAN DARI 177634945 DANA SETORAN NEW PREPAID | 0808080070 18012021 1 500100 CIKOPO	 2882000 
TRANSFER DARI | PEMINDAHAN DARI 177634945 DANA SETORAN NEW PREPAID | 0808080070 18012021 1 500115 CIKEDUNG	 428000 
TRANSFER DARI | PEMINDAHAN DARI 177634945 DANA SETORAN NEW PREPAID | 0808080070 18012021 1 500105 KALIJATI	 406500 
TRANSFER DARI | PEMINDAHAN DARI 177634945 DANA SETORAN NEW PREPAID | 0808080070 18012021 1 500130 PALIMANAN	 519000 
TRANSFER DARI | PEMINDAHAN DARI 177634945 DANA SETORAN NEW PREPAID | 0808080070 18012021 1 500120 KERTAJATI	 537500 
TRANSFER DARI | PEMINDAHAN DARI 177634945 DANA SETORAN NEW PREPAID | 0808080070 18012021 1 301426 CIKAMPEK UTAMA 2	 5602000 
TRANSFER DARI | PEMINDAHAN DARI 177634945 DANA SETORAN NEW PREPAID | 0808080070 18012021 1 301420 CIKAMPEK	 95000 
TRANSFER DARI | PEMINDAHAN DARI 177634945 DANA SETORAN NEW PREPAID | 0808080070 18012021 1 500110 SUBANG	 852500 
